id,freq,grammar,sv,grammar2,fa,wclass,ex,fa_ex
87,2966316,,och,,و,conj,Jag och du,من و تو
88,2624032,att,vara,"är, var, varit",بودن,verb,"Peyman var pigg, nu är han trött.", پیمان هوشیار بود، حالا خسته‌ است
89,2197163,,i,,در,prep,Hur många dagar i veckan tränar du?,چند روز در هفته ورزش می‌کنی؟
90,1822142,att,ha,"har, hade, haft",داشتن,verb,Han har två systrar.,دو تا خواهر دارد
91,1816701,,dess,,مال او,pronoun,Vad tycker du om dess nya design? ,نظر تو در مورد طراحی جدید آن چیست؟
92,1662413,,det,,او (چیز),pronoun,Det röda huset,آن خانه سرخ
93,1654320,,en,,یک,det,Var du på sjukhuset i en vecka?,یک هفته بیمارستان بودی؟
94,1451792,,som,,که,pronoun,Det verkar som att det är fullt här.,بنظر می آید که شلوغ است
95,1435426,,på,,بر,prep,Newton upptäckte gravitationen när ett äpple föll på hans huvud.,ایزاک نیوتن با افتادن سیبی بر سرش جاذبه را کشف کرد
96,1420786,,å,,از,prep,å ena sidan…å andra sidan,از این طرف… از آن طرف
97,1315607,,av,,از,prep,Bordet är av trä.,میز از چوب ساخته شده است.
98,1300637,,för,,برای,prep,För att klara provet måste du studera.,برای قبولی در آزمون باید مطالعه کنی.
99,1284991,,att,,که,subj,Jag tycker att den här boken är intressant.,فکر می‌کنم که این کتاب جالبی است
100,1267606,att,kunna,"kan, kunde, kunnat",توانستن,verb,Jag kan göra det.,می‌توانم آن را انجام دهم
101,1186905,att,skola,"ska, skulle",خواستن,aux verb,Jag ska göra det.,آن کار را خواهم کرد
102,1070563,,jag,,من,pronoun,Följ med mig.,با من بیایی
103,1034410,,inte,,نه,adverb,Jag har inte gjort det. ,آن را انجام نداده‌ام
104,1002182,,med,,با,prep,Jag vill prata med Maryam.,می‌خواهم با مریم صحبت کنم
105,987570,,till,,به,prep,Jag ska till Stockholm.,به استکهلم می‌روم
106,986657,,liten,,‫کوچک‬,adjective,Vill du ha en liten kaka?,آیا یک بیسکویت کوچک می‌خواهید؟
107,786184,,den,,او (چیز),det,Den röda bilen,آن ماشین سرخ
108,719843,,ett,,یک,det,Köpte du ett nytt hus?,یک خانه جدیدی خریدی؟
109,,,analog,,,adjective,,
110,633759,att,unna,"unnar, unnade, unnat",,verb,e.g. unna sig,
111,601734,,om,,در مورد,prep,,
112,538500,,vi,,ما,pronoun,,
113,518253,,men,,اما,conj,,
114,506895,,man,,مرد,pronoun,,
115,505860,,de,,آنها,det,,
116,462896,att,få,"får, fick, fått",,verb,,
117,456578,,så,,,adverb,,
118,428910,,som,,,conj,,
119,395479,,sig,,,pronoun,,
120,385430,,han,,او,pronoun,,
121,381431,,de,,آنها,pronoun,,
122,375451,att,bli,,,verb,,
123,367629,att,komma,,,verb,e.g. komma fram/ihåg/in/ner/tillbaka/ut/överens,
124,367250,,det,,,det,,
125,366781,,sin,,,pronoun,,
126,357846,,eller,,,conj,,
127,355399,,från,,,prep,,
128,354791,,mycket,,,adverb,,
129,342568,att,vilja,,,verb,,
130,339212,,all,,,pronoun,,
131,335401,att,göra,,,verb,e.g. göra om/upp,
132,299879,,om,,,subj,,
133,299166,,annan,,,pronoun,,
134,294294,,du,,تو,pronoun,,
135,292496,,någon,,,pronoun,,
136,281064,att,finna,,پیدا کردن,verb,,
137,279580,att,ta,,,verb,e.g. ta av/bort/med/upp/ut,
138,272112,,när,,,adverb,,
139,256885,att,se,,,verb,"e.g. se efter/upp/ut, se sig om",
140,252510,,måste,,,aux verb,,
141,250890,,detta,,,pronoun,,
142,233333,,stor,,,adjective,,
143,231774,,nu,,,adverb,,
144,228135,att,gå,,,verb,e.g. gå bort/fram/in/iväg/ner/omkring/runt/till/upp/ut/över,
145,227830,att,säga,,,verb,e.g. säga upp sig,
146,225895,,den,,او,pronoun,,
147,217882,,vad,,,pronoun,,
148,215091,ett,år,,,noun-ett,,
149,212944,att,äga,,,verb,e.g. äga rum,
150,211091,,under,,زیر,prep,,
151,206541,att,betyda,,,verb,,
152,204908,,också,,,adverb,,
153,204142,,där,,,adverb,,
154,203943,,då,,,adverb,,
155,200323,,min,,,pronoun,,
156,198742,,böra,,,aux verb,"(vanligast bör, borde)",
157,192701,,hur,,,adverb,,
158,184992,,mig,,من,pronoun,,
159,181540,,mot,,,prep,,
160,180370,,bara,,,adverb,,
161,172468,,vilken,,,pronoun,,
162,168895,,ut,,,adverb,,
163,164857,,ny,,,adjective,,
164,164052,,vid,,,prep,,
165,162897,,än,,,conj,,
166,162827,,bra,,,adjective,,
167,154006,,ingen,,,pronoun,,
168,152922,,dem (vardagl. dom),,,pronoun,,
169,150936,,efter,,,prep,,
170,150755,,upp,,,particle,,
171,147263,,hon,,,pronoun,,
172,146846,,lite,,,adverb,,
173,145920,,denna,,,pronoun,,
174,145309,,in,,,adverb,,
175,144974,,mycket,,,adjective,,
176,144462,,över,,,prep,,
177,137774,att,ge (formellt giva),,,verb,"e.g. ge upp/ut, ge sig, ge sig av",
178,137576,,vår (vardagl. våran),,,pronoun,,
179,137083,en,del,,,noun-en,,
180,136223,,här,,,adverb,,
181,135865,,även,,,adverb,,
182,130114,att,skriva,,,verb,e.g. skriva in/under/upp/ut,
183,128548,en,tid,,,noun-en,,
184,127635,,ju,,,adverb,,
185,127127,,sedan (vardagl. sen),,,adverb,,
186,127123,att,te sig,,,verb,,
187,124037,att,riva,,,verb,,
188,118500,att,börja,,,verb,,
189,117966,,hel,,,adjective,,
190,117835,en,dag,,,noun-en,e.g. god dag,
191,117787,,själv,,,pronoun,,
192,117461,en,människa,,,noun-en,,
193,108202,ett,land,,,noun-ett,,
194,108134,,svensk,,,adjective,,
195,107024,en,fråga,,,noun-en,,
196,106515,,oss,,,pronoun,,
197,105839,att,tro,,,verb,,
198,105549,,el,,,noun-en,,
199,105436,att,tycka,,,verb,"e.g. tycka om, tycka synd om",
200,105416,en,kommentar,,,noun-en,,
201,101954,att,veta,,,verb,,
202,98627,,idag (el. i dag),,,adverb,,
203,98011,att,försöka,,,verb,,
204,97833,att,behöva,,,verb,,
205,96233,,samma,,,pronoun,,
206,95934,,mellan,,,prep,,
207,95791,att,känna,,,verb,e.g. känna igen,
208,93830,att,läsa,,,verb,e.g. läsa igenom,
209,93029,att,ro,,,verb,,
210,92314,,kanske,,,adverb,,
211,92124,,lik,,,adjective,,
212,92020,att,låta,,,verb,,
213,90116,,olik,,,adjective,,
214,89945,,sådan,,,pronoun,,
215,89482,ett,sätt,,,noun-ett,,
216,88307,,hans,,,pronoun,,
217,87967,,din,,,pronoun,,
218,87029,en,gång,,,noun-en,e.g. på en gång,
219,86847,att,stå,,,verb,,
220,86431,,inom,,,prep,,
221,86350,att,visa,,,verb,e.g. visa sig,
222,85418,att,använda,,,verb,"e.g. använda ngt, använda sig av",
223,85418,att,vända,,,verb,e.g. vända sig,
224,84296,att,hålla,,,verb,e.g. hålla ut,
225,83648,,genom,,,prep,,
226,82272,,helt,,,adverb,e.g. helt och hållet,
227,81853,,fler,,,adjective,,
228,80660,,utan,,,prep,,
229,80458,,väl,,,adverb,,
230,79837,ett,barn,,,noun-ett,,
231,77547,,enligt,,,prep,,
232,76006,att,tänka,,,verb,e.g. tänka igenom,
233,75813,,ni,,,pronoun,,
234,75482,,viktig,,,adjective,,
235,75110,en,ring,,,noun-en,,
236,74330,,eftersom,,,subj,,
237,71213,ett,liv,,,noun-ett,,
238,71122,,deras,,,pronoun,,
239,70441,en,värld,,,noun-en,,
240,70067,,viss,,,adjective,,
241,70059,,dock,,,adverb,,
242,69824,,egen,,,adjective,,
243,69197,ett,folk,,,noun-ett,,
244,68786,en,regering,,,noun-en,,
245,68462,,fram,,,particle,,
246,68123,,honom,,,pronoun,,
247,67954,att,söka,,,verb,,
248,67354,,dig (vardagl. dej),,,pronoun,,
249,66887,,utan,,,conj,,
250,66294,en,sak,,,noun-en,,
251,65897,,hög,,,adjective,,
252,64848,,länge,,,adverb,,
253,64803,en,person,,,noun-en,,
254,64594,att,ligga,,,verb,,
255,63948,en,son,,,noun-en,,
256,63266,,både,,,conj,e.g. både…och,
257,62197,,just,,,adverb,,
258,62151,att,lägga,,,verb,"e.g. lägga fram/in/på/till/ut, lägga sig",
259,61888,ett,antal,,,noun-ett,,
260,60840,,redan,,,adverb,,
261,59408,en,kvinna,,,noun-en,,
262,59352,ett,problem,,,noun-ett,,
263,59290,ett,fall,,,noun-ett,,
264,59290,en,man,,,noun-en,,
265,58348,,aldrig,,,adverb,,
266,57206,,ofta,,,adverb,,
267,57195,,varje,,,det,,
268,57147,en,artikel,,,noun-en,,
269,57068,att,anse,,,verb,,
270,56559,att,öva,,,verb,,
271,55844,ett,lag,,,noun-ett,,
272,55587,ett,slag,,,noun-ett,,
273,55397,ett,tal,,,noun-ett,,
274,55241,,åt,,,prep,,
275,55018,,nog,,,adverb,,
276,54561,en,bok,,,noun-en,,
277,54247,,varför,,,adverb,,
278,54159,att,handla,,,verb,,
279,53625,,gammal,"gammal, äldre, äldst",پیر,adjective,,
280,53445,en,bild,,,noun-en,,
281,53135,en,sida,,,noun-en,,
282,53060,,så,,,subj,,
283,52764,att,öka,,,verb,,
284,52621,,därför,,,adverb,,
285,52337,,sen,,,adjective,,
286,51743,,god,,,adjective,,
287,51660,,hos,,,prep,,
288,50942,,alltid,,,adverb,,
289,50789,att,skapa,,,verb,,
290,50378,ett,arbete,,,noun-ett,,
291,49682,att,kapa,,,verb,,
292,49617,,samt,,,conj,,
293,49125,en,blogg,,,noun-en,,
294,48981,,innan,,,subj,,
295,48934,,som,,,adverb,,
296,48679,,ur,,,prep,,
297,48668,att,gälla,,,verb,,
298,48294,att,verka,,,verb,,
299,48235,att,tala,,صحبت کردن,verb,e.g. tala om ,
300,48149,att,bära,,,verb,,
301,48004,,för,,,adverb,,
302,47939,en,väg,,,noun-en,,
303,47925,ett,samhälle,,,noun-ett,,
304,47774,,alltså,,,adverb,,
305,47443,en,stat,,,noun-en,,
306,47158,en,stad,,,noun-en,e.g. i stan,
307,47058,att,höra,,,verb,,
308,47043,att,innebära,,,verb,,
309,47014,,genom att,,,subj,,
310,46990,ett,företag,,,noun-ett,,
311,46879,en,möjlighet,,,noun-en,,
312,46775,ett,ord,,,noun-ett,,
313,46653,,politisk,,,adjective,,
314,46025,att,välja,,,verb,,
315,46012,,er,,,pronoun,,
316,45957,att,förstå,,,verb,,
317,45947,ett,inlägg,,,noun-ett,,
318,45947,ett,ägg,,,noun-ett,,
319,45826,,te,,,noun-ett,,
320,45814,att,spela,,,verb,e.g. spela in/upp,
321,45637,,så att,,,subj,,
322,44946,,lika,,,adverb,,
323,44544,att,hitta,,,verb,e.g. hitta på,
324,44475,ett,tag,,,noun-ett,e.g. gripa tag i,
325,44448,att,dra,,,verb,"e.g. dra av/in/ner/ut, dra nytta",
326,44293,att,leda,,,verb,,
327,44150,,gärna,,,adverb,,
328,44018,,ändå,,,adverb,,
329,43926,ett,förslag,,,noun-ett,,
330,43793,att,lyckas,,,verb,,
331,43486,,dessutom,,,adverb,,
332,43429,ett,område,,,noun-ett,,
333,43416,en,lag,,,noun-en,,
334,43283,,svår,,,adjective,,
335,42940,att,lära,,,verb,,
336,42785,att,sätta,,,verb,e.g. sätta in/på,
337,42675,en,plats,,,noun-en,,
338,42409,,lång,,,adjective,,
339,42147,att,lämna,,,verb,e.g. lämna in/tillbaka/över,
340,41992,att,bygga,,,verb,,
341,41855,,politik,,,noun-en,,
342,41837,,tidigare,,,adverb,,
343,41695,att,kalla,,,verb,,
344,41622,en,peng,,,noun-en,,
345,41451,,väldigt,,,adverb,,
346,41446,att,leva,,,verb,,
347,41162,att,ställa,,,verb,e.g. ställa in/upp/ut,
348,41007,att,följa,,,verb,,
349,40780,en,vecka,,,noun-en,,
350,40260,,ja,,,interj,,
351,40106,att,ske,,,verb,,
352,39686,ett,parti,,,noun-ett,,
353,39616,att,kräva,,,verb,,
354,38967,,utveckling,,,noun-en,,
355,38925,,faktiskt,,,adverb,,
356,38813,att,ena,,,verb,,
357,38738,att,svara,,,verb,,
358,38722,,ner,,,particle,,
359,38452,att,fortsätta,,,verb,,
360,38159,en,skola,,,noun-en,,
361,38098,att,bruka,,,verb,,
362,37831,ett,mål,,,noun-ett,,
363,37805,ett,par,,,noun-ett,,
364,37665,,sent,,,adverb,,
365,37379,,ekonomisk,,,adjective,,
366,37144,,kl. (klockan),,,noun-en,e.g. klockan 20.00,
367,36930,,dålig,,,adjective,,
368,36847,ett,namn,,,noun-ett,,
369,36682,,igen,,,adverb,,
370,36682,,verkligen,,,adverb,,
371,36532,att,mena,,,verb,,
372,36411,,fortfarande,,,adverb,,
373,36015,en,grupp,,,noun-en,,
374,35995,ett,beslut,,,noun-ett,,
375,35878,,även om,,,subj,,
376,35857,,enda,,,adjective,,
377,35756,,bort,,,particle,,
378,35650,att,slå,,,verb,e.g. slå ihop/in/ner/upp,
379,35423,,möjlig,,,adjective,,
380,35342,,många,,,pronoun,,
381,35074,att,hända,,,verb,,
382,35074,att,ämna,,,aux verb,e.g. ämna göra ngt,
383,34448,,endast,,,adverb,,
384,34382,en,miljon,,,noun-en,,
385,33939,,vidare,,,adverb,,
386,33671,,ganska,,,adverb,,
387,33249,ett,svar,,,noun-ett,,
388,33219,,varenda,,,det,,
389,33218,,istället,,,adverb,,
390,33101,,först,,,adverb,,
391,33053,att,arbeta,,,verb,,
392,32925,,heller,,,adverb,,
393,32904,,riktigt,,,adverb,,
394,32901,en,hand,,,noun-en,"e.g. på egen hand, ta hand om",
395,32831,en,uppgift,,,noun-en,,
396,32764,att,fungera,,,verb,,
397,32671,att,beta,,,verb,,
398,32389,att,köpa,,,verb,,
399,32377,,nästan,,,adverb,,
400,32337,,bra,,,adverb,,
401,32202,,bland,,,prep,,
402,32015,,december,,,noun,,
403,31957,att,sitta,,,verb,,
404,31599,,precis,,,adverb,,
405,31458,,hennes,,,pronoun,,
406,31395,att,åta sig,,,verb,,
407,31374,,bland annat,,,adverb,,
408,31361,ett,krig,,,noun-ett,,
409,31347,,till exempel,,,adverb,,
410,31337,,tillsammans,,,adverb,,
411,31102,,henne,,,pronoun,,
412,31027,,intressant,,,adjective,,
413,30773,ett,val,,,noun-ett,,
414,30604,en,kyrka,,,noun-en,,
415,30489,,egentligen,,,adverb,,
416,30476,,inför,,,prep,,
417,30467,en,historia,,,noun-en,,
418,30435,ett,jobb,,,noun-ett,,
419,30364,att,berätta,,,verb,,
420,30307,,vanlig,,,adjective,,
421,30252,att,rätta,,,verb,,
422,30143,,januari,,,noun,,
423,30113,,information,,,noun-en,,
424,29957,,flest,,,adjective,e.g. de flesta,
425,29701,,ung,,,adjective,,
426,29676,,en,,,pronoun,,
427,29593,,tillbaka,,,particle,,
428,29489,en,film,,,noun-en,,
429,29479,,ibland,,,adverb,,
430,29348,,medan,,,subj,,
431,29253,ett,slut,,,noun-ett,,
432,29170,en,massa,,,noun-en,,
433,28684,en,tanke,,,noun-en,,
434,28666,en,akt,,,noun-en,,
435,28639,en,procent,,,noun-en,,
436,28631,en,månad,,,noun-en,,
437,28505,,sista,,,adjective,,
438,28490,en,ätt,,,noun-en,,
439,28440,att,sluta,,,verb,,
440,28410,en,verksamhet,,,noun-en,,
441,28404,en,rätt,,,noun-en,,
442,28220,,samtidigt,,,adverb,,
443,28191,,emot,,,prep,,
444,27846,ett,stöd,,,noun-ett,,
445,27838,en,familj,,,noun-en,,
446,27733,,vem,,,pronoun,,
447,27719,att,åka,,,verb,,
448,27593,att,betala,,,verb,,
449,27590,en,kommun,,,noun-en,,
450,27584,ett,resultat,,,noun-ett,,
451,27578,att,utveckla,,,verb,,
452,27411,att,föra,,,verb,,
453,27238,att,hjälpa,,,verb,,
454,27126,,nästa,,,adjective,,
455,27089,,nära,,,adverb,,
456,27088,,nej,,,interj,,
457,26745,en,text,,,noun-en,,
458,26498,ett,exempel,,,noun-ett,,
459,26489,,särskilt,,,adverb,,
460,26457,en,debatt,,,noun-en,,
461,26224,,när det gäller,,,prep,,
462,26110,,på grund av,,,adverb,,
463,26109,en,situation,,,noun-en,,
464,26056,,europeisk,,,adjective,,
465,26005,en,form,,,noun-en,,
466,26005,en,orm,,,noun-en,,
467,26001,ett,råd,,,noun-ett,,
468,25998,,november,,,noun,,
469,25995,,makt,,,noun-en,,
470,25868,,social,,,adjective,,
471,25837,att,vinna,,,verb,,
472,25805,,kvar,,,particle,,
473,25733,ett,system,,,noun-ett,,
474,25713,att,vänta,,,verb,,
475,25703,,tidig,,,adjective,,
476,25521,en,åtgärd,,,noun-en,,
477,25498,ett,krav,,,noun-ett,,
478,25497,en,skillnad,,,noun-en,e.g. till skillnad från/mot,
479,25439,en,riksdag,,,noun-en,e.g. riksdagen,
480,25384,,internationell,,,adjective,,
481,25384,,nationell,,,adjective,,
482,25307,att,jobba,,,verb,,
483,24871,att,klara,,,verb,"e.g. klara av, klara sig",
484,24824,en,typ,,,noun-en,,
485,24744,,kring,,,prep,,
486,24739,,båda (vardgl. bägge),,,pronoun,,
487,24735,,cirka (förk. ca),,,adverb,,
488,24684,en,tur,,,noun-en,,
489,24672,en,polis,,,noun-en,,
490,24601,ett,medium,,,noun-ett,,
491,24424,,låg,,,adjective,,
492,24415,,varandra (vardagl. varann),,,pronoun,,
493,24389,en,mun,,,noun-en,,
494,24337,ett,ansvar,,,noun-ett,,
495,24327,en,roll,,,noun-en,,
496,24159,en,regel,,,noun-en,,
497,24118,,oktober,,,noun,,
498,24061,att,prata,,,verb,,
499,24010,en,organisation,,,noun-en,,
500,24002,en,medlem,,,noun-en,,
501,23994,att,fråga,,,verb,,
502,23918,att,anmäla,,,verb,e.g. anmäla sig,
503,23905,att,nå,,,verb,,
504,23881,att,bo,,,verb,,
505,23689,en,krona,,,noun-en,,
506,23647,att,stämma,,,verb,,
507,23646,en,rättighet,,,noun-en,,
508,23633,,sedan (vardagl. sen),,,prep,,
509,23567,,bakom,,,prep,,
510,23563,,efter att,,,subj,,
511,23551,,därmed,,,adverb,,
512,23551,,med,,,adverb,,
513,23549,ett,hus,,,noun-ett,,
514,23461,en,vän,,,noun-en,,
515,23420,att,dela,,,verb,e.g. dela ut,
516,23375,,februari,,,noun,,
517,23324,,kort,,,adjective,,
518,23295,en,grund,,,noun-en,,
519,23200,,runt,,,prep,,
520,23161,en,framtid,,,noun-en,,
521,23161,att,köra,,,verb,,
522,23064,en,etikett,,,noun-en,,
523,23010,,fri,,,adjective,,
524,22996,ett,behov,,,noun-ett,,
525,22970,en,timme (el. timma),,,noun-en,,
526,22950,,september,,,noun,,
527,22913,att,hoppas,,,verb,,
528,22872,,ensam,,,adjective,,
529,22789,,snart,,,adverb,,
530,22646,,rätt,,,adverb,,
531,22577,att,förklara,,,verb,,
532,22565,en,ledning,,,noun-en,,
533,22505,ett,intresse,,,noun-ett,,
534,22457,att,tvinga,,,verb,,
535,22390,att,påverka,,,verb,,
536,22331,en,anledning,,,noun-en,,
537,22321,att,titta,,,verb,e.g. titta in/på,
538,22278,att,minska,,,verb,,
539,22263,,i alla fall (el. iallafall,,, förk. iaf),adverb,
540,22219,,däremot,,,adverb,,
541,22188,,direkt,,,adverb,,
542,22149,en,ekonomi,,,noun-en,,
543,21989,att,bestämma,,,verb,e.g. bestämma sig,
544,21984,att,skicka,,,verb,e.g. skicka tillbaka/ut,
545,21937,,trots,,,prep,e.g. trots ngt,
546,21923,en,åsikt,,,noun-en,,
547,21904,en,diskussion,,,noun-en,,
548,21904,en,rad,,,noun-en,,
549,21901,ett,faktum,,,noun-ett,,
550,21878,en,tidning,,,noun-en,,
551,21793,en,mening,,,noun-en,,
552,21732,,utanför,,,prep,,
553,21716,,rätt,,,adjective,,
554,21598,,gemensam,,,adjective,,
555,21421,,klar,,,adjective,,
556,21313,,juni,,,noun,,
557,21300,,is,,,noun-en,,
558,21255,en,bil,,,noun-en,,
559,21230,en,myndighet,,,noun-en,,
560,21205,ett,nummer (förk. nr),,,noun-ett,,
561,21122,,allmän,,,adjective,,
562,21099,,musik,,,noun-en,,
563,21069,att,ändra,,,verb,,
564,21061,att,träffa,,,verb,,
565,20946,,ihop,,,particle,,
566,20924,att,diskutera,,,verb,,
567,20897,att,driva,,,verb,e.g. driva på,
568,20830,att,sälja,,,verb,,
569,20814,att,sakna,,,verb,,
570,20793,ett,program,,,noun-ett,,
571,20685,,ifrån,,,prep,,
572,20446,att,länka,,,verb,,
573,20428,,kunskap,,,noun-en,,
574,20370,,snabbt,,,adverb,,
575,20265,,maj,,,noun,,
576,20254,,amerikansk,,,adjective,,
577,20231,att,tyda,,,verb,,
578,,,särskild,,,adjective,,
579,20132,en,början,,,noun-en,,
580,20100,,naturligtvis,,,adverb,,
581,20063,ett,skäl,,,noun-ett,,
582,19949,,fin,,,adjective,,
583,19935,att,genomföra,,,verb,,
584,19922,,liksom,,,adverb,,
585,19850,,via,,,prep,,
586,19819,,före,,,prep,,
587,19791,en,dom,,,noun-en,,
588,19753,en,risk,,,noun-en,,
589,19734,,enkel,"enkel, enklare, enklast",ساده,adjective,,
590,19729,,alls,,,adverb,,
591,19713,ett,pris,,,noun-ett,,
592,19712,att,räkna,,,verb,e.g. räkna upp,
593,19649,att,beskriva,,,verb,,
594,19634,,hem,,,particle,,
595,19611,att,möta,,,verb,,
596,19592,,såsom,,,subj,,
597,19559,en,idé,,,noun-en,,
598,19555,ett,gram,,,noun-ett,,
599,19485,,förra,,,adjective,,
600,19452,en,tjänst,,,noun-en,,
601,19405,att,heta,,,verb,,
602,19392,en,kultur,,,noun-en,,
603,19351,att,äta,,,verb,,
604,19246,ett,syfte,,,noun-ett,,
605,19137,en,princip,,,noun-en,,
606,19116,att,flytta,,,verb,,
607,19108,,ute,,,adverb,,
608,19108,att,utgöra,,,verb,,
609,19088,en,politiker,,,noun-en,,
610,19085,,lätt,,,adjective,,
611,19039,en,förälder,,,noun-en,,
612,18939,en,marknad,,,noun-en,,
613,18922,,nämligen,,,adverb,,
614,18916,,tydlig,,,adjective,,
615,18910,,utbildning,,,noun-en,,
616,18888,att,röra,,,verb,e.g. röra sig,
617,18883,en,nivå,,,noun-en,,
618,18852,,april,,,noun,,
619,18841,en,mängd,,,noun-en,,
620,18833,en,betydelse,,,noun-en,,
621,18755,,kristen,,,adjective,,
622,18731,att,dö,,,verb,,
623,18721,,mars,,,noun,,
624,18691,,allt,,,adverb,,
625,18682,en,kväll,,,noun-en,e.g. god kväll,
626,18676,,bildning,,,noun-en,,
627,18644,en,länk,,,noun-en,,
628,18543,att,växa,,,verb,e.g. växa upp,
629,18486,,per,,,prep,,
630,18449,,offentlig,,,adjective,,
631,18436,,såväl,,,conj,,
632,18430,att,våga,,,verb,,
633,18389,,vatten,,,noun-ett,,
634,18380,,håll,,,noun-ett,,
635,18306,,mänsklig,,,adjective,,
636,18304,en,demokrati,,,noun-en,,
637,18289,att,fatta,,,verb,,
638,18227,,jord,,,noun-en,,
639,18178,en,känsla,,,noun-en,,
640,18176,en,förändring,,,noun-en,,
641,18146,att,nämna,,,verb,,
642,18144,,tyvärr,,,adverb,,
643,18129,,enskild,,,adjective,,
644,18124,,rätt,,,particle,,
645,18106,att,be (el. bedja),,,verb,,
646,18079,en,punkt,,,noun-en,,
647,18078,en,ändring,,,noun-en,,
648,18022,en,mission,,,noun-en,,
649,17959,,igår (el. i går),,,adverb,,
650,17936,en,kommission,,,noun-en,,
651,17881,en,ort,,,noun-en,,
652,17851,att,anta,,,verb,,
653,17831,,trots att,,,subj,,
654,17822,ett,spel,,,noun-ett,,
655,17820,ett,språk,,,noun-ett,,
656,17815,att,föreslå,,,verb,,
657,17663,,igenom,,,prep,,
658,17600,att,undra,,,verb,,
659,17578,,eget,,,adjective,,
660,17553,ett,möte,,,noun-ett,,
661,17550,,mat,,,noun-en,,
662,17505,en,gräns,,,noun-en,,
663,17436,att,lyssna,,,verb,,
664,17420,att,delta,,,verb,e.g. delta i,
665,17408,ett,samarbete,,,noun-ett,,
666,17397,,annars,,,adverb,,
667,17394,att,falla,,,verb,e.g. falla ner/på/ut,
668,17370,,nära,,,adjective,,
669,17336,ett,rum,,,noun-ett,,
670,17320,,ungefär,,,adverb,,
671,17292,att,starta,,,verb,,
672,17272,att,inse,,,verb,,
673,17258,,internet,,,noun,e.g. Internet,
674,17213,ett,hov,,,noun-ett,,
675,17199,,öppen,,,adjective,,
676,17196,att,bidra,,,verb,,
677,17168,en,död,,,noun-en,,
678,17123,att,luta,,,verb,e.g. luta sig,
679,17108,ett,öga,,,noun-ett,,
680,17039,,säkert,,,adverb,,
681,17015,ett,ämne,,,noun-ett,,
682,16976,,få,,,adjective,,
683,16959,,augusti,,,noun,,
684,16928,en,socialdemokrat (vardagl. sosse),,,noun-en,,
685,16908,ett,projekt,,,noun-ett,,
686,16896,,övrig,,,adjective,,
687,16883,,dels,,,conj,e.g. dels…dels,
688,16808,,framför allt (el. framförallt),,,adverb,,
689,16799,,positiv,,,adjective,,
690,16796,,rolig,,,adjective,,
691,16753,en,port,,,noun-en,,
692,16722,att,bero,,,verb,e.g. bero på,
693,16624,en,kropp,,,noun-en,,
694,16579,att,minnas,,,verb,,
695,16573,,handling,,,noun-en,,
696,16537,att,rösta,,,verb,,
697,16528,,riktig,,,adjective,,
698,16514,en,rapport,,,noun-en,,
699,16483,en,lösning,,,noun-en,,
700,16395,,personlig,,,adjective,,
701,16297,att,kommentera,,,verb,,
702,16277,,som att,,,subj,,
703,16236,att,gilla,,,verb,,
704,16201,att,bryta,,,verb,"e.g. bryta mot, bryta sönder, bryta ut",
705,16195,,hjälp,,,noun-en,,
706,16189,,juli,,,noun,,
707,16126,att,innehålla,,,verb,,
708,,,liknande,,,adjective,,
709,16063,ett,tillfälle,,,noun-ett,,
710,16050,,inte ens,,,adverb,,
711,,,känd,,,adjective,,
712,16016,,forskning,,,noun-en,,
713,16013,en,kraft,,,noun-en,,
714,15973,,helt enkelt,,,adverb,,
715,15954,ett,brott,,,noun-ett,,
716,15954,,exempelvis,,,adverb,,
717,15948,en,röst,,,noun-en,,
718,15944,att,bjuda,,,verb,e.g. bjuda på,
719,15926,,"till och med (förk. t.o.m., t o m)",,,adverb,,
720,15911,att,hävda,,,verb,,
721,15892,att,hamna,,,verb,e.g. hamna i/på,
722,15821,en,effekt,,,noun-en,,
723,15777,en,enhet,,,noun-en,,
724,15740,,"det vill säga (förk. d.v.s., dvs.)",,,adverb,,
725,15716,en,kontakt,,,noun-en,,
726,15716,en,takt,,,noun-en,,
727,15712,ett,värde,,,noun-ett,,
728,15700,en,förutsättning,,,noun-en,,
729,15693,en,sats,,,noun-en,,
730,15685,en,medlemsstat,,,noun-en,,
731,15658,att,hinna,,,verb,e.g. hinna upp,
732,15590,en,sanning,,,noun-en,,
733,15567,en,religion,,,noun-en,,
734,15519,en,källa,,,noun-en,,
735,15502,att,må,,,verb,,
736,15472,en,kostnad,,,noun-en,,
737,15464,en,medborgare,,,noun-en,,
738,15463,ett,förhållande,,,noun-ett,,
739,15397,en,"far (el. fader, vardagl. farsa)",,,noun-en,,
740,15386,en,miljard,,,noun-en,,
741,15319,,ungdom,,,noun-en,,
742,15313,att,släppa,,,verb,e.g. släppa in/ut,
743,15294,,enbart,,,adverb,,
744,15293,ett,drag,,,noun-ett,,
745,15269,en,verklighet,,,noun-en,,
746,15261,en,författare,,,noun-en,,
747,15219,en,tillgång,,,noun-en,,
748,15210,,nödvändig,,,adjective,,
749,15176,,full,,,adjective,,
750,15102,,frihet,,,noun-en,,
751,15093,att,passa,,,verb,,
752,15067,,lokal,,,adjective,,
753,15000,,ytterligare,,,adverb,,
754,14995,att,öppna,,,verb,,
755,14850,att,införa,,,verb,,
756,14818,en,ledare,,,noun-en,,
757,14805,en,mamma,,,noun-en,,
758,14783,ett,sammanhang,,,noun-ett,,
759,14777,en,svensk,,,noun-en,,
760,14774,,hemma,,,adverb,,
761,14773,en,produkt,,,noun-en,,
762,14744,,därefter,,,adverb,,
763,14744,,efter,,,adverb,,
764,14719,en,match,,,noun-en,,
765,14719,en,tro,,,noun-en,,
766,14635,,alldeles,,,adverb,,
767,14631,,lätt,,,adverb,,
768,14630,,sann,,,adjective,,
769,14626,en,uppfattning,,,noun-en,,
770,14607,en,demokrat,,,noun-en,,
771,14593,ett,bolag,,,noun-ett,,
772,14589,en,erfarenhet,,,noun-en,,
773,14571,,kritik,,,noun-en,,
774,14565,en,grad,,,noun-en,,
775,14543,en,jude,,,noun-en,,
776,14543,,vacker,,,adjective,,
777,14528,att,erbjuda,,,verb,,
778,14527,en,kamp,,,noun-en,,
779,14521,en,period,,,noun-en,,
780,14483,,modern,,,adjective,,
781,14481,en,spelare,,,noun-en,,
782,14479,en,elev,,,noun-en,,
783,14470,en,utredning,,,noun-en,,
784,14469,att,ingå,,,verb,,
785,14444,en,kung,,,noun-en,,
786,14417,att,bestå,,,verb,e.g. bestå av,
787,14416,en,katt,,,noun-en,,
788,14411,att,konstatera,,,verb,,
789,14397,,dit,,,adverb,,
790,14390,,klart,,,adverb,,
791,,,nuvarande,,,adjective,,
792,14387,att,styra,,,verb,,
793,14386,att,förlora,,,verb,,
794,14381,,vit,,,adjective,,
795,14360,en,klocka,,,noun-en,,
796,14336,att,påstå,,,verb,,
797,14324,en,skatt,,,noun-en,,
798,14265,att,besluta,,,verb,,
799,14252,en,befolkning,,,noun-en,,
800,14240,att,avse,,,verb,,
801,14197,,ro,,,noun-en,,
802,14191,,privat,,,adjective,,
803,14161,ett,steg,,,noun-ett,,
804,14114,en,art,,,noun-en,,
805,14109,att,stödja,,,verb,,
806,14043,,ond,,,adjective,,
807,13992,en,plan,,,noun-en,,
808,13957,en,resa,,,noun-en,,
809,13939,,utom,,,prep,,
810,13936,en,hund,,,noun-en,,
811,13931,,syn,,,noun-en,,
812,13919,att,glömma,,,verb,,
813,13899,ett,avtal,,,noun-ett,,
814,13874,en,lek,,,noun-en,,
815,13863,,kul,,,adjective,,
816,13852,en,natt,,,noun-en,e.g. god natt,
817,13843,att,förändra,,,verb,e.g. förändra sig,
818,13839,att,ange,,,verb,,
819,13808,,någonting,,,pronoun,,
820,13798,,förstås,,,adverb,,
821,13786,en,individ,,,noun-en,,
822,13786,att,älska,,,verb,,
823,13779,,motion,,,noun-en,,
824,13745,,glad,,,adjective,,
825,13737,,ned,,,particle,,
826,13712,en,dator,,,noun-en,,
827,13699,en,miljö,,,noun-en,,
828,13666,en,ek,,,noun-en,,
829,13664,,åtminstone,,,adverb,,
830,13655,att,presentera,,,verb,e.g. presentera sig,
831,13604,att,stanna,,,verb,,
832,13599,att,byta,,,verb,e.g. bryta ut,
833,13560,ett,alternativ,,,noun-ett,,
834,13552,en,minut,,,noun-en,,
835,13542,,ingenting,,,pronoun,,
836,13526,att,uppleva,,,verb,,
837,13513,att,samla,,,verb,,
838,13482,,svart,,,adjective,,
839,13466,en,bakgrund,,,noun-en,,
840,13460,ett,skott,,,noun-ett,,
841,13455,en,ö,,,noun-en,,
842,13452,,kärlek,,,noun-en,,
843,13408,en,metod,,,noun-en,,
844,13359,,äldre,,,adjective,,
845,13347,,säker,,,adjective,,
846,13339,en,borgare,,,noun-en,,
847,13336,en,gud,,,noun-en,e.g. Gud,
848,13296,en,insats,,,noun-en,,
849,13278,,tysk,,,adjective,,
850,13264,en,kontroll,,,noun-en,,
851,13263,att,lösa,,,verb,,
852,13239,att,kolla,,,verb,(vardagligt),
853,13224,att,fylla,,,verb,e.g. fylla i/på,
854,13186,en,bestämmelse,,,noun-en,,
855,13186,,ris,,,noun-ett,,
856,13173,att,drabba,,,verb,,
857,13165,ett,nät,,,noun-ett,,
858,13119,en,teknik,,,noun-en,,
859,13115,en,resurs,,,noun-en,,
860,13093,ett,försök,,,noun-ett,,
861,13090,att,fara,,,verb,,
862,13087,att,tjäna,,,verb,,
863,13075,ett,argument,,,noun-ett,,
864,13063,att,behandla,,,verb,,
865,13012,,ren,,,adjective,,
866,12996,en,fru,,,noun-en,,
867,12935,,sjuk,,,adjective,,
868,12919,,istället för (el. i stället för),,,prep,,
869,12914,,våld,,,noun-ett,,
870,12902,att,utföra,,,verb,,
871,12889,en,ställning,,,noun-en,,
872,12878,,främst,,,adverb,,
873,12875,att,räcka,,,verb,e.g. räcka till,
874,12873,,bättre,,,adverb,,
875,12860,att,fundera,,,verb,,
876,12839,,visst,,,adverb,,
877,12823,en,sommar,,تابستان,noun-en,e.g. i somras,
878,12818,en,rörelse,,,noun-en,,
879,12804,en,kund,,,noun-en,,
880,12790,ett,villkor,,,noun-ett,,
881,12786,,tillbaka (vardagl. tillbaks),,,adverb,,
882,12773,,högt,,,adverb,,
883,12767,en,president,,,noun-en,,
884,12722,,emellertid,,,adverb,,
885,12705,en,händelse,,,noun-en,,
886,12697,att,uppstå,,,verb,,
887,12692,att,acceptera,,,verb,,
888,12674,ett,huvud,,,noun-ett,,
889,12638,ett,sök,,,noun-ett,,
890,12631,,snabb,,,adjective,,
891,12599,,"så kallad (förk. s.k., s k)",,,adverb,,
892,12598,,framför,,,prep,,
893,12588,en,ande,,,noun-en,,
894,12588,att,bilda,,,verb,,
895,12588,en,orsak,,,noun-en,,
896,12578,att,försvinna,,,verb,,
897,12559,ett,fel,,,noun-ett,,
898,12554,ett,innehåll,,,noun-ett,,
899,12542,,natur,,,noun-en,,
900,12539,ett,begrepp,,,noun-ett,,
901,12480,,för att,,,subj,,
902,12448,en,konflikt,,,noun-en,,
903,12412,,tack,,,interj,,
904,12396,ett,djur,,,noun-ett,,
905,12330,en,chans,,,noun-en,,
906,12326,,samtidigt som,,,subj,,
907,12306,,demokratisk,,,adjective,,
908,12290,,fel,,,adverb,,
909,12286,ett,läge,,,noun-ett,,
910,12270,att,sprida,,,verb,"e.g. sprida sig, sprida ut",
911,12240,en,växt,,,noun-en,,
912,12131,,förutom,,,prep,,
913,12118,,i samband med,,,prep,,
914,12113,,styck,,,noun,e.g. per styck,
915,12089,ett,utskott,,,noun-ett,,
916,12082,en,muslim,,,noun-en,,
917,12072,en,ordning,,,noun-en,,
918,12070,ett,uppdrag,,,noun-ett,,
919,12042,en,mark,,,noun-en,,
920,12042,,säkerhet,,,noun-en,,
921,12029,en,linje,,,noun-en,,
922,12024,en,bank,,,noun-en,,
923,12024,att,önska,,,verb,,
924,11990,,givetvis,,,adverb,,
925,11984,en,studie,,,noun-en,,
926,11936,,fredag,,,noun-en,,
927,11935,en,lärare,,,noun-en,,
928,11908,,statlig,,,adjective,,
929,11906,en,söndag,,,noun-en,,
930,11904,,fel,,,adjective,,
931,11896,,speciellt,,,adverb,,
932,11895,,röd,,,adjective,,
933,11890,en,"television (el. teve, tv)",,,noun-en,,
934,11887,ett,hot,,,noun-ett,,
935,11856,ett,verk,,,noun-ett,,
936,11854,att,publicera,,,verb,,
937,11854,en,stund,,,noun-en,,
938,11761,att,tillhöra,,,verb,,
939,11758,att,omfatta,,,verb,,
940,11735,ett,material,,,noun-ett,,
941,11732,en,pelare,,,noun-en,,
942,11729,ett,hjärta,,,noun-ett,,
943,11715,,knappast,,,adverb,,
944,11704,att,befinna,,,verb,e.g. befinna sig, befinnas
945,11702,en,part,,,noun-en,,
946,11701,,trevlig,,,adjective,,
947,11698,en,höst,,,noun-en,e.g. i höstas,
948,11693,att,skilja,,,verb,e.g. skilja sig (från),
949,11638,,ens,,,adverb,"e.g. inte ens ngt/ngn, med ens",
950,11631,en,förmåga,,,noun-en,,
951,11619,att,döda,,,verb,,
952,11601,ett,stånd,,,noun-ett,,
953,11597,att,peka,,,verb,e.g. peka ut,
954,11570,en,bedömning,,,noun-en,,
955,11553,att,ringa,,,verb,,
956,11520,att,betrakta,,,verb,,
957,11506,en,by,,,noun-en,,
958,11479,,utifrån,,,prep,,
959,11467,en,brist,,,noun-en,,
960,11449,att,hänga,,,verb,e.g. hänga upp,
961,11446,,tillräckligt,,,adverb,,
962,11414,en,måndag,,,noun-en,,
963,11372,,aktuell,,,adjective,,
964,11367,,någonsin (vardagl. nånsin),,,adverb,,
965,11361,att,tillåta,,,verb,,
966,11305,ett,universitet,,,noun-ett,,
967,11303,en,konsekvens,,,noun-en,,
968,11278,ett,ställe,,,noun-ett,,
969,11247,,hård,,,adjective,,
970,11239,en,majoritet,,,noun-en,,
971,11228,en,domstol,,,noun-en,,
972,11225,en,ordförande,,,noun-en,,
973,11221,en,lördag,,,noun-en,,
974,11212,en,låt,,,noun-en,,
975,11204,,herr,,,noun,"e.g. vid omtal, e.g. Herr talman",
976,11199,en,sekvens,,,noun-en,,
977,11193,att,förekomma,,,verb,,
978,11189,att,stoppa,,,verb,e.g. stoppa in,
979,11149,en,nyhet,,,noun-en,,
980,11141,en,journalist,,,noun-en,,
981,11125,en,kris,,,noun-en,,
982,11109,att,rycka,,,verb,,
983,11109,att,trycka,,,verb,,
984,11104,,betydligt,,,adverb,,
985,11070,att,kosta,,,verb,,
986,11068,ett,band,,,noun-ett,,
987,11067,,numera (el. numer),,,adverb,,
988,11066,ett,tillstånd,,,noun-ett,,
989,11065,,värd,,,adjective,,
990,11056,,igen,,,particle,,
991,11005,,imorgon (el. i morgon),,,adverb,,
992,11000,en,klass,,,noun-en,,
993,10956,att,uttrycka,,,verb,e.g. uttrycka sig,
994,10943,en,slutsats,,,noun-en,,
995,10919,,global,,,adjective,,
996,10900,,mitt,,,adverb,,
997,10890,en,stol,,,noun-en,,
998,10870,,ytterligare,,,adjective,,
999,10858,,effektiv,,,adjective,,
1000,10848,att,resa,,,verb,,
1001,10842,att,förbättra,,,verb,,
1002,10840,att,rädda,,,verb,,
1003,10818,en,list,,,noun-en,,
1004,10809,en,relation,,,noun-en,,
1005,10785,att,agera,,,verb,,
1006,10780,,central,,,adjective,,
1007,10772,,flera,,,pronoun,,
1008,10747,en,undersökning,,,noun-en,,
1009,10737,att,uppnå,,,verb,,
1010,10733,en,krona (förk. kr.),,,noun-en,,
1011,10721,ett,perspektiv,,,noun-ett,,
1012,10711,,plötsligt,,,adverb,,
1013,10702,,naturlig,,,adjective,,
1014,10702,en,ålder,,,noun-en,,
1015,10689,en,process,,,noun-en,,
1016,10682,ett,uttryck,,,noun-ett,,
1017,10677,en,lista,,,noun-en,,
1018,10667,,allra,,,adverb,,
1019,10666,en,sökning,,,noun-en,,
1020,10666,en,ökning,,,noun-en,,
1021,10665,,därför att,,,subj,,
1022,10665,,rysk,,,adjective,,
1023,10662,att,jämföra (förk. jfr),,,verb,,
1024,10657,,tills,,,subj,,
1025,,,intresserad,,,adjective,,
1026,10599,,totalt,,,adverb,,
1027,10587,att,hantera,,,verb,,
1028,10578,att,förvänta,,,verb,e.g. förvänta sig,
1029,10571,ett,medel,,,noun-ett,,
1030,10533,att,vika,,,verb,,
1031,10532,att,döma,,,verb,,
1032,10529,att,besöka,,,verb,,
1033,10518,ett,hem,,,noun-ett,,
1034,10506,,var,,,adverb,,
1035,10500,att,täcka,,,verb,,
1036,10498,,borgerlig,,,adjective,,
1037,10498,att,inleda,,,verb,,
1038,10495,en,helg,,,noun-en,,
1039,10490,att,undvika,,,verb,,
1040,10461,ett,ryck,,,noun-ett,,
1041,10461,ett,tryck,,,noun-ett,,
1042,10453,,tydligen,,,adverb,,
1043,10445,,aktiv,,,adjective,,
1044,10440,att,höja,,,verb,,
1045,10429,en,pappa,,,noun-en,,
1046,10411,,varken…eller,,,conj,,
1047,10391,,religiös,,,adjective,,
1048,10374,att,råka,,,verb,,
1049,10360,,verklig,,,adjective,,
1050,10357,,rent,,,adverb,,
1051,10349,,fantastisk,,,adjective,,
1052,,,grundläggande,,,adjective,,
1053,10342,att,upptäcka,,,verb,,
1054,10337,att,erkänna,,,verb,,
1055,10327,,helig,,,adjective,,
1056,10308,en,lön,,,noun-en,,
1057,10299,,historisk,,,adjective,,
1058,10291,en,rest,,,noun-en,,
1059,10275,,halv,,,adjective,,
1060,10267,en,andel,,,noun-en,,
1061,10267,ett,besök,,,noun-ett,,
1062,10265,,teknisk,,,adjective,,
1063,10235,att,kasta,,,verb,"e.g. kasta sig, kasta bort",
1064,10232,en,hemsida,,,noun-en,,
1065,10228,att,bedöma,,,verb,,
1066,10224,en,torsdag,,,noun-en,,
1067,10219,en,tillväxt,,,noun-en,,
1068,10214,en,läsare,,,noun-en,,
1069,10206,en,forskare,,,noun-en,,
1070,10178,ett,bidrag,,,noun-ett,,
1071,10165,en,onsdag,,,noun-en,,
1072,10165,en,vilja,,,noun-en,,
1073,10158,en,sol,,,noun-en,,
1074,10155,,inte minst,,,adverb,,
1075,10138,en,analys,,,noun-en,,
1076,10129,,ovan,,,adverb,,
1077,10127,en,lagstiftning,,,noun-en,,
1078,10126,,militär,,,adjective,,
1079,10114,att,toppa,,,verb,,
1080,10097,en,sort,,,noun-en,,
1081,10070,en,fördel,,,noun-en,,
1082,10067,att,skydda,,,verb,,
1083,10065,att,nyttja,,,verb,,
1084,10065,att,utnyttja,,,verb,,
1085,10051,en,teori,,,noun-en,,
1086,10034,,fransk,,,adjective,,
1087,10031,att,pågå,,,verb,,
1088,10025,en,samling,,,noun-en,,
1089,10020,ett,flertal,,,noun-ett,,
1090,10018,,snarare,,,adverb,,
1091,10000,att,försvara,,,verb,,
1092,9982,en,modell,,,noun-en,,
1093,9978,,skön,,,adjective,,
1094,9978,ett,vapen,,,noun-ett,,
1095,9974,,således,,,adverb,,
1096,9973,en,förening,,,noun-en,,
1097,9963,att,lyfta,,,verb,,
1098,9959,en,eftermiddag (förk. em.),,,noun-en,,
1099,9951,en,soldat,,,noun-en,,
1100,9946,att,märka,,,verb,,
1101,9938,en,gemenskap,,,noun-en,,
1102,9932,att,ösa,,,verb,,
1103,9929,,fast,,,conj,,
1104,9903,,styrka,,,noun-en,,
1105,9862,att,ersätta,,,verb,,
1106,9858,en,kille,,,noun-en,,
1107,9854,,vård,,,noun-en,,
1108,9850,,fullt,,,adverb,,
1109,9849,att,ägna,,,verb,e.g. ägna sig åt,
1110,9822,,oavsett,,,prep,,
1111,9819,en,poäng,,,noun-en,,
1112,9817,att,satsa,,,verb,,
1113,9806,en,moderat,,,noun-en,,
1114,9800,att,rida,,,verb,,
1115,9799,,jo,,,interj,,
1116,9797,en,tisdag,,,noun-en,,
1117,9793,,död,,,adjective,,
1118,9745,,allmänt,,,adverb,,
1119,9735,att,avsluta,,,verb,,
1120,9720,att,sova,,,verb,,
1121,9702,,inne,,,adverb,,
1122,9692,en,flicka,,,noun-en,,
1123,9666,,sedan (vardagl. sen),,,subj,,
1124,9665,,total,,,adjective,,
1125,9661,,allvarlig,,,adjective,,
1126,9659,,fram,,,adverb,,
1127,9612,ett,ljus,,,noun-ett,,
1128,9607,en,sjukdom,,,noun-en,,
1129,9594,en,unge,,,noun-en,,
1130,9577,,i form av,,,prep,,
1131,9570,en,vikt,,,noun-en,,
1132,9553,,rik,,,adjective,,
1133,9549,en,region,,,noun-en,,
1134,9541,ett,samtal,,,noun-ett,,
1135,9524,,negativ,,,adjective,,
1136,9523,,mycket,,,pronoun,,
1137,9521,,i år,,,adverb,,
1138,9518,,igång,,,particle,,
1139,9510,en,vändning,,,noun-en,,
1140,9484,,antingen…eller,,,conj,,
1141,9474,att,föda,,,verb,,
1142,9469,,åter,,,adverb,,
1143,9464,en,arbetare,,,noun-en,,
1144,9463,att,skjuta,,,verb,e.g. skjuta upp,
1145,9452,en,tradition,,,noun-en,,
1146,9444,att,hämta,,,verb,e.g. hämta ut,
1147,9432,en,församling,,,noun-en,,
1148,9423,ett,hav,,,noun-ett,,
1149,9390,,energi,,,noun-en,,
1150,9380,,bred,,,adjective,,
1151,9375,,vad gäller,,,prep,,
1152,9373,,fast,,,particle,,
1153,9372,att,påpeka,,,verb,,
1154,9370,att,bättra,,,verb,e.g. bättra sig,
1155,9358,att,skaffa,,,verb,,
1156,9357,att,utgå,,,verb,,
1157,9343,,samtlig,,,adjective,,
1158,9342,att,stärka,,,verb,,
1159,9327,en,läkare,,,noun-en,,
1160,9298,,fattig,,,adjective,,
1161,9291,ett,grepp,,,noun-ett,,
1162,9286,,hej,,,interj,,
1163,9286,att,utsätta,,,verb,e.g. utsätta sig för,
1164,9257,,spännande,,,adjective,,
1165,9242,,fort,,,adverb,,
1166,9241,,sikt,,,noun-en,,
1167,9238,en,revolution,,,noun-en,,
1168,9228,ett,brev,,,noun-ett,,
1169,9216,,personal,,,noun-en,,
1170,9205,en,skada,,,noun-en,,
1171,9204,,illa,,,adverb,,
1172,9199,att,kämpa,,,verb,,
1173,9194,,alltför,,,adverb,,
1174,9190,ett,tecken,,,noun-ett,,
1175,9187,en,siffra,,,noun-en,,
1176,9180,,tydligt,,,adverb,,
1177,9177,,än,,,adverb,,
1178,9173,,hårt,,,adverb,,
1179,9151,,absolut,,,adverb,,
1180,9150,att,eka,,,verb,,
1181,9143,,engelsk,,,adjective,,
1182,9096,,praktik,,,noun-en,,
1183,9092,,förmodligen,,,adverb,,
1184,9088,att,hoppa,,,verb,,
1185,9068,en,morgon,,,noun-en,e.g. god morgon,
1186,9056,en,tjej,,,noun-en,,
1187,9055,,konstig,,,adjective,,
1188,9051,en,union,,,noun-en,,
1189,,,kommande,,,adjective,,
1190,9032,att,avgöra,,,verb,,
1191,9026,en,chef,,,noun-en,,
1192,9019,,vis,,,noun-ett,e.g. på så vis/på sätt och vis,
1193,9004,en,strid,,,noun-en,,
1194,8998,att,sända,,,verb,,
1195,8993,att,missa,,,verb,,
1196,8965,att,bedriva,,,verb,,
1197,8943,,etcetera,,,adverb,,
1198,8931,att,anföra,,,verb,,
1199,8917,,varm,,,adjective,,
1200,8914,,hit,,,adverb,,
1201,8898,en,berättelse,,,noun-en,,
1202,8876,,produktion,,,noun-en,,
1203,8865,ett,kapitel,,,noun-ett,,
1204,8844,att,hindra,,,verb,,
1205,8839,,konst,,,noun-en,,
1206,8829,,speciell,,,adjective,,
1207,8826,ett,allvar,,,noun-ett,e.g. på allvar,
1208,8813,,grön,,,adjective,,
1209,8808,en,vår,,,noun-en,e.g. i våras,
1210,8796,att,meddela,,,verb,,
1211,8784,,omöjlig,,,adjective,,
1212,8780,att,tillämpa,,,verb,,
1213,8777,ett,skydd,,,noun-ett,,
1214,8774,,hittills,,,adverb,,
1215,8773,,sällan,,,adverb,,
1216,8766,en,position,,,noun-en,,
1217,8737,en,behandling,,,noun-en,,
1218,,,omfattande,,,adjective,,
1219,8723,en,skog,,,noun-en,,
1220,8717,att,kritisera,,,verb,,
1221,8709,en,förklaring,,,noun-en,,
1222,8709,att,springa,,,verb,e.g. springa bort,
1223,8694,,oerhört,,,adverb,,
1224,8692,att,uppfatta,,,verb,,
1225,8680,ett,foto,,,noun-ett,,
1226,8679,,islam,,,noun-en,,
1227,8676,att,stänga,,,verb,e.g. stänga av,
1228,8675,en,aning,,,noun-en,,
1229,8673,ett,försvar,,,noun-ett,,
1230,8669,en,meter,,,noun-en,,
1231,8662,en,evolution,,,noun-en,,
1232,8650,en,funktion,,,noun-en,,
1233,8644,en,dotter,,,noun-en,,
1234,8621,en,värdering,,,noun-en,,
1235,8614,att,råda,,,verb,,
1236,8608,en,ersättning,,,noun-en,,
1237,8608,att,slippa,,,verb,,
1238,8586,,självklart,,,adverb,,
1239,8581,,lämplig,,,adjective,,
1240,8565,ett,ting,,,noun-ett,,
1241,8563,ett,minne,,,noun-ett,,
1242,8562,en,strategi,,,noun-en,,
1243,8561,att,dyka,,,verb,e.g. dyka upp,
1244,8561,att,orka,,,verb,,
1245,8547,att,kontrollera,,,verb,,
1246,8534,att,planera,,,verb,,
1247,8529,en,färg,,,noun-en,,
1248,8507,att,lova,,,verb,,
1249,8483,att,citera,,,verb,,
1250,8475,,finansiell,,,adjective,,
1251,8461,,ständigt,,,adverb,,
1252,8456,ett,spår,,,noun-ett,,
1253,8452,,kall,,,adjective,,
1254,8444,,vuxen,,,adjective,,
1255,8443,en,allians,,,noun-en,,
1256,8431,en,faktor,,,noun-en,,
1257,8428,en,kvalitet,,,noun-en,,
1258,8424,,upp,,,adverb,,
1259,8424,,utländsk,,,adjective,,
1260,8421,,svag,,,adjective,,
1261,8404,att,sköta,,,verb,,
1262,8395,att,vägra,,,verb,,
1263,8379,ett,rike,,,noun-ett,,
1264,8369,att,framgå,,,verb,,
1265,8352,,judisk,,,adjective,,
1266,8342,att,studera,,,verb,,
1267,8330,,farlig,,,adjective,,
1268,8330,en,framgång,,,noun-en,,
1269,8325,att,tolka,,,verb,,
1270,8324,,billig,,,adjective,,
1271,8293,,iväg,,,particle,e.g. gå iväg,
1272,8287,en,student,,,noun-en,,
1273,8279,,och så vidare,,,adverb,,
1274,8274,,visserligen,,,adverb,,
1275,8273,en,vara,,,noun-en,,
1276,8254,ett,undantag,,,noun-ett,,
1277,8244,,tillgänglig,,,adjective,,
1278,8236,,enorm,,,adjective,,
1279,8231,att,behålla,,,verb,,
1280,8227,att,dricka,,,verb,,
1281,8224,en,aktion,,,noun-en,,
1282,8223,att,bry sig,,,verb,e.g. bry sig om,
1283,8215,,relativt,,,adverb,,
1284,8213,,tung,,,adjective,,
1285,8196,en,arbetsgivare,,,noun-en,,
1286,8190,,med hjälp av,,,prep,,
1287,8171,,tvärtom,,,adverb,,
1288,8149,att,notera,,,verb,,
1289,8144,en,nation,,,noun-en,,
1290,8142,att,sänka,,,verb,,
1291,8139,ett,ärende,,,noun-ett,,
1292,8104,en,givare,,,noun-en,,
1293,8098,en,kull,,,noun-en,,
1294,8098,,nyligen,,,adverb,,
1295,8094,en,rättelse,,,noun-en,,
1296,8087,,delvis,,,adverb,,
1297,8085,att,medföra,,,verb,,
1298,8070,att,ifrågasätta,,,verb,,
1299,8067,,för övrigt,,,adverb,,
1300,8050,ett,län,,,noun-ett,,
1301,8035,en,gata,,,noun-en,,
1302,8030,,medveten,,,adjective,,
1303,8030,en,serie,,,noun-en,,
1304,8028,,rimlig,,,adjective,,
1305,8024,,ty,,,conj,,
1306,8023,en,invandrare,,,noun-en,,
1307,7983,en,dörr,,,noun-en,,
1308,7979,ett,direktiv,,,noun-ett,,
1309,7970,att,stiga,,,verb,e.g. stiga upp,
1310,7970,att,tiga,,,verb,,
1311,7969,en,fot,,,noun-en,,
1312,,,begränsad,,,adjective,,
1313,7967,,vag,,,adjective,,
1314,7966,,äntligen,,,adverb,,
1315,7954,,vänster,,,adjective,,
1316,7940,,ner (el. ned),,,adverb,,
1317,7940,att,väcka,,,verb,,
1318,7925,att,leta,,,verb,,
1319,7920,en,häst,,,noun-en,,
1320,7920,en,kategori,,,noun-en,,
1321,7915,,brittisk,,,adjective,,
1322,7893,en,följd,,,noun-en,,
1323,7891,en,ed,,,noun-en,,
1324,7891,,fred,,,noun-en,,
1325,7891,,traditionell,,,adjective,,
1326,7890,en,användning,,,noun-en,,
1327,7885,att,riskera,,,verb,,
1328,7884,att,tappa,,,verb,,
1329,7871,,inkomst,,,noun-en,,
1330,,,nöjd,,,adjective,,
1331,7866,,kläder,,,noun,(plural),
1332,7844,att,spara,,,verb,,
1333,7842,en,styrelse,,,noun-en,,
1334,7834,en,intervju,,,noun-en,,
1335,7831,,starkt,,,adverb,,
1336,7805,,slutligen,,,adverb,,
1337,7786,en,bit,,,noun-en,,
1338,7780,,muslimsk,,,adjective,,
1339,7778,,vetenskaplig,,,adjective,,
1340,7736,,överens,,,adverb,,
1341,7734,,framtida,,,adjective,,
1342,7717,ett,bevis,,,noun-ett,,
1343,7704,,fast,,,adjective,,
1344,7694,,sexuell,,,adjective,,
1345,7669,,exakt,,,adverb,,
1346,7668,,arbetsmarknad,,,noun-en,e.g. arbetsmarknaden,
1347,7664,,underbar,,,adjective,,
1348,7641,en,post,,,noun-en,,
1349,7627,,extra,,,adjective,,
1350,7621,ett,offer,,,noun-ett,,
1351,7610,en,sektor,,,noun-en,,
1352,7598,en,vinst,,,noun-en,,
1354,7593,ett,inflytande,,,noun-ett,,
1355,7592,ett,budskap,,,noun-ett,,
1356,7590,att,klicka,,,verb,,
1357,7566,ett,tips,,,noun-ett,,
1358,7565,ett,världskrig,,,noun-ett,,
1359,7560,,med tanke på,,,prep,,
1360,7552,,självklar,,,adjective,,
1361,7544,en,båt,,,noun-en,,
1362,1701,,borta,,,adverb,,
1363,7531,,regional,,,adjective,,
1364,7529,,framåt,,,adverb,,
1365,7524,en,karaktär,,,noun-en,,
1366,7524,en,skiva,,,noun-en,,
1367,7521,,omkring,,,adverb,,
1368,7520,ett,ansikte,,,noun-ett,,
1369,7511,,i början,,,prep,,
1370,7497,en,aktivitet,,,noun-en,,
1371,7486,en,ost,,,noun-en,,
1372,7479,ett,fängelse,,,noun-ett,,
1373,,,motsvarande,,,adjective,,
1374,7472,att,synas,,,verb,,
1375,7463,en,mor,,,noun-en,,
1376,7460,,an,,,particle,,
1377,7460,,samman,,,particle,,
1378,7453,,ända,,,adverb,,
1379,7449,en,ledamot,,,noun-en,,
1380,7433,,i enlighet med,,,prep,,
1381,7429,,civil,,,adjective,,
1382,7424,,uppenbar,,,adjective,,
1383,7418,,skull,,,noun,e.g. för ngns skull,
1384,7410,,arbetslöshet,,,noun-en,,
1385,7406,,fysisk,,,adjective,,
1386,7401,en,generation,,,noun-en,,
1387,7392,,återigen,,,adverb,,
1388,7366,,djup,,,adjective,,
1389,7360,ett,initiativ,,,noun-ett,,
1390,7350,att,fastställa,,,verb,,
1391,7340,ett,parlament,,,noun-ett,,
1392,7339,en,säsong,,,noun-en,,
1393,,,levande,,,adjective,,
1394,7324,att,tacka,,,verb,,
1395,7304,att,hota,,,verb,,
1396,7298,,tusentals,,,adverb,,
1397,7296,,eventuell,,,adjective,,
1398,7286,en,pojke,,,noun-en,,
1399,7285,en,version,,,noun-en,,
1400,7264,att,existera,,,verb,,
1401,7254,,trött,,,adjective,,
1402,7227,en,himmel,,,noun-en,,
1403,7227,en,reaktion,,,noun-en,,
1404,7222,,dyr,,,adjective,,
